{
    "E7": {"name": "建築系", "col" : "規劃設計學院"},
    "F2": {"name": "都計系", "col" : "規劃設計學院"},
    "F3": {"name": "工設系", "col" : "規劃設計學院"},
    "FZ": {"name": "規劃設計學院學士", "col" : "規劃設計學院"},
    "E0": {"name": "工學院", "col" : "工學院"},
    "E1": {"name": "機械系", "col" : "工學院"},
    "E3": {"name": "化工系", "col" : "工學院"},
    "E4": {"name": "資源系", "col" : "工學院"},
    "E5": {"name": "材料系", "col" : "工學院"},
    "E6": {"name": "土木系", "col" : "工學院"},
    "E8": {"name": "水利系", "col" : "工學院"},
    "E9": {"name": "工科系", "col" : "工學院"},
    "F0": {"name": "能源學程", "col" : "工學院"},
    "F1": {"name": "系統系", "col" : "工學院"},
    "F4": {"name": "航太系", "col" : "工學院"},
    "F5": {"name": "環工系", "col" : "工學院"},
    "F6": {"name": "測量系", "col" : "工學院"},
    "F9": {"name": "醫工系", "col" : "工學院"},
    "D0": {"name": "社會科學院", "col" : "社會科學院"},
    "D2": {"name": "法律系", "col" : "社會科學院"},
    "D4": {"name": "政治系", "col" : "社會科學院"},
    "D5": {"name": "經濟系", "col" : "社會科學院"},
    "D8": {"name": "心理系", "col" : "社會科學院"},
    "I2": {"name": "護理系", "col" : "醫學院"},
    "I3": {"name": "醫技系", "col" : "醫學院"},
    "I5": {"name": "醫學系", "col" : "醫學院"},
    "I6": {"name": "物治系", "col" : "醫學院"},
    "I7": {"name": "職治系", "col" : "醫學院"},
    "I8": {"name": "藥學系", "col" : "醫學院"},
    "I9": {"name": "牙醫系", "col" : "醫學院"},
    "H1": {"name": "會計系", "col" : "管理學院"},
    "H2": {"name": "統計系", "col" : "管理學院"},
    "H3": {"name": "工資系", "col" : "管理學院"},
    "H4": {"name": "企管系", "col" : "管理學院"},
    "H5": {"name": "交管系", "col" : "管理學院"},
    "HZ": {"name": "管理學院", "col" : "管理學院"},
    "B0": {"name": "文學院學士班", "col" : "文學院"},
    "B1": {"name": "中文系", "col" : "文學院"},
    "B2": {"name": "外文系", "col" : "文學院"},
    "B3": {"name": "歷史系", "col" : "文學院"},
    "B5": {"name": "台文系", "col" : "文學院"},
    "C1": {"name": "數學系", "col" : "理學院"},
    "C2": {"name": "物理系", "col" : "理學院"},
    "C3": {"name": "化學系", "col" : "理學院"},
    "C4": {"name": "地科系", "col" : "理學院"},
    "CZ": {"name": "理學院學士班", "col" : "理學院"},
    "F8": {"name": "光電系", "col" : "理學院"},
    "E2": {"name": "電機系", "col" : "電機資訊學院"},
    "F7": {"name": "資訊系", "col" : "電機資訊學院"},
    "C5": {"name": "生科系", "col" : "生物科學與科技學院"},
    "C6": {"name": "生技系", "col" : "生物科學與科技學院"},
    "J0": {"name": "敏求學院課程", "col" : "敏求智慧運算學院"},
    "AN": {"name": "不分系學程", "col" : "跨院之學位學程"},
    "C0": {"name": "科學班", "col" : "跨院之學位學程"},
    "A9": {"name": "通識課程", "col" : "通識課程"}
}