{"1":{"name":"1234567.pdf","url":"magnet2_exam2_.pdf","year":"108-1","dep":"電機系","lec":"電磁學","teac":"楊慶隆","clas":"小考","up":"chatGPT","pic":"小恐龍.png","award":"1","like":{"count":12,"user":["user1","user2","user3","1","777","7777","88","55","33","336","85465468","8546548"]},"tagA":{"score":4.25,"user":{"8546548":"5","user1":"3","user2":"5","user3":"4"}},"tagB":{"score":3,"user":{"user1":"3","user2":"5","user3":"4"}}},"2":{"name":"9876543.pdf","url":"magnet2_exam2_.pdf","year":"110-2","dep":"資訊工程系","lec":"演算法","teac":"楊慶隆","clas":"大考","up":"Alice","pic":"小恐龍.png","award":"0","like":{"count":5,"user":["user1","user2","user3","88","8546548"]},"tagA":{"score":4,"user":{"8546548":"4","user1":"3","user2":"5","user3":"4"}},"tagB":{"score":3,"user":{"user1":"3","user2":"5","user3":"4"}}},"3":{"name":"2468135.pdf","url":"magnet2_exam2_.pdf","year":"109-1","dep":"化學系","lec":"有機化學","teac":"楊慶隆","clas":"作業","up":"Johnson","pic":"小恐龍.png","award":"1","like":{"count":5,"user":["user1","user2","user3","88","85465468"]},"tagA":{"score":3.75,"user":{"8546548":"3","user1":"3","user2":"5","user3":"4"}},"tagB":{"score":3,"user":{"user1":"3","user2":"5","user3":"4"}}},"4":{"name":"1357924.pdf","url":"magnet2_exam2_.pdf","year":"105-2","dep":"土木工程系","lec":"結構力學","teac":"楊慶隆","clas":"其他","up":"Winston","pic":"小恐龍.png","award":"1","like":{"count":4,"user":["user1","user2","user3","88"]},"tagA":{"score":3.25,"user":{"8546548":"1","user1":"3","user2":"5","user3":"4"}},"tagB":{"score":4,"user":{"8546548":"4","user1":"3","user2":"5","user3":"4"}}},"5":{"name":"8642091.pdf","url":"magnet2_exam2_.pdf","year":"111-1","dep":"生物科學系","lec":"細胞生物學","teac":"楊慶隆","clas":"小考","up":"Smithson","pic":"小恐龍.png","award":"0","like":{"count":4,"user":["user1","user2","user3","88"]},"tagA":{"score":3,"user":{"user1":"3","user2":"5","user3":"4"}},"tagB":{"score":3,"user":{"user1":"3","user2":"5","user3":"4"}}},"6":{"name":"7412589.pdf","url":"magnet2_exam2_.pdf","year":"107-2","dep":"經濟學系","lec":"微觀經濟學","teac":"楊慶隆","clas":"作業","up":"GE","pic":"小恐龍.png","award":"1","like":{"count":4,"user":["user1","user2","user3","88"]},"tagA":{"score":3,"user":{"user1":"3","user2":"5","user3":"4"}},"tagB":{"score":3,"user":{"user1":"3","user2":"5","user3":"4"}}},"7":{"name":"3692581.pdf","url":".pdf","year":"106-1","dep":"電機系","lec":"電磁學","teac":"楊慶隆","clas":"大考","up":"Edison","pic":"小恐龍.png","award":"1","like":{"count":4,"user":["user1","user2","user3","88"]},"tagA":{"score":3,"user":{"user1":"3","user2":"5","user3":"4"}},"tagB":{"score":3,"user":{"user1":"3","user2":"5","user3":"4"}}},"8":{"name":"9517532.pdf","url":"magnet2_exam2_.pdf","year":"111-2","dep":"電機系","lec":"電磁學","teac":"楊慶隆","clas":"小考","up":"Tesla","pic":"小恐龍.png","award":"0","like":{"count":3,"user":["user1","user2","user3"]},"tagA":{"score":3,"user":{"user1":"3","user2":"5","user3":"4"}},"tagB":{"score":3,"user":{"user1":"3","user2":"5","user3":"4"}}},"9":{"name":"7856321.pdf","url":"magnet2_exam2_.pdf","year":"108-2","dep":"電機系","lec":"電磁學","teac":"楊慶隆","clas":"作業","up":"Nikola","pic":"小恐龍.png","award":"1","like":{"count":3,"user":["user1","user2","user3"]},"tagA":{"score":3,"user":{"user1":"3","user2":"5","user3":"4"}},"tagB":{"score":3,"user":{"user1":"3","user2":"5","user3":"4"}}},"10":{"name":"2143658.pdf","url":"magnet2_exam2_.pdf","year":"109-2","dep":"電機系","lec":"電磁學","teac":"楊慶隆","clas":"其他","up":"Edison","pic":"小恐龍.png","award":"0","like":{"count":3,"user":["user1","user2","user3"]},"tagA":{"score":3,"user":{"user1":"3","user2":"5","user3":"4"}},"tagB":{"score":3,"user":{"user1":"3","user2":"5","user3":"4"}}},"11":{"name":"1472583.pdf","url":"magnet2_exam2_.pdf","year":"112-1","dep":"電機系","lec":"電磁學","teac":"楊慶隆","clas":"小考","up":"Tesla","pic":"小恐龍.png","award":"0","like":{"count":3,"user":["user1","user2","user3"]},"tagA":{"score":3,"user":{"user1":"3","user2":"5","user3":"4"}},"tagB":{"score":3,"user":{"user1":"3","user2":"5","user3":"4"}}},"12":{"name":"8765432.pdf","url":"magnet2_exam2_.pdf","year":"107-1","dep":"電機系","lec":"電磁學","teac":"楊慶隆","clas":"作業","up":"Edison","pic":"小恐龍.png","award":"1","like":{"count":3,"user":["user1","user2","user3"]},"tagA":{"score":3,"user":{"user1":"3","user2":"5","user3":"4"}},"tagB":{"score":3,"user":{"user1":"3","user2":"5","user3":"4"}}},"13":{"name":"2587413.pdf","url":"magnet2_exam2_.pdf","year":"110-1","dep":"電機系","lec":"電磁學","teac":"楊慶隆","clas":"大考","up":"Nikola","pic":"小恐龍.png","award":"0","like":{"count":4,"user":["user1","user2","user3","88"]},"tagA":{"score":3,"user":{"user1":"3","user2":"5","user3":"4"}},"tagB":{"score":3,"user":{"user1":"3","user2":"5","user3":"4"}}},"14":{"name":"6325871.pdf","url":"magnet2_exam2_.pdf","year":"105-1","dep":"電機系","lec":"電磁學","teac":"楊慶隆","clas":"小考","up":"Tesla","pic":"小恐龍.png","award":"1","like":{"count":3,"user":["user1","user2","user3"]},"tagA":{"score":3,"user":{"user1":"3","user2":"5","user3":"4"}},"tagB":{"score":3,"user":{"user1":"3","user2":"5","user3":"4"}}},"15":{"name":"4796235.pdf","url":"magnet2_exam2_.pdf","year":"104-2","dep":"電機系","lec":"電磁學","teac":"楊慶隆","clas":"作業","up":"Edison","pic":"小恐龍.png","award":"0","like":{"count":4,"user":["user1","user2","user3","88"]},"tagA":{"score":3,"user":{"user1":"3","user2":"5","user3":"4"}},"tagB":{"score":3,"user":{"user1":"3","user2":"5","user3":"4"}}}}