{
    "E215621": {"name": "微積分", "dep" : "電機系", "grade": "大一"},
    "E215720": {"name": "普通物理學", "dep" : "電機系", "grade": "大一"},
    "E216620": {"name": "計算機概論", "dep" : "電機系", "grade": "大一"},
    "E220620": {"name": "工程數學", "dep" : "電機系", "grade": "大一"},
    "E221120": {"name": "電路學", "dep" : "電機系", "grade": "大二"},
    "E223400": {"name": "線性代數", "dep" : "電機系", "grade": "大二"},
    "E227020": {"name": "電子學", "dep" : "電機系", "grade": "大二"},
    "E230300": {"name": "計算機網路", "dep" : "電機系", "grade": "大二"},
    "E231120": {"name": "電磁學", "dep" : "電機系", "grade": "大三"},
    "E231601": {"name": "資料結構緒論", "dep" : "電機系", "grade": "大三"},
    "E235700": {"name": "控制工程實驗", "dep" : "電機系", "grade": "大三"},
    "E236800": {"name": "邏輯電路設計", "dep" : "電機系", "grade": "大三"},
    "E238600": {"name": "數位通訊", "dep" : "電機系", "grade": "大四"},
    "N25B000": {"name": "高等資料庫", "dep" : "電機系", "grade": "大四"},
    "N26F400": {"name": "機器人原理", "dep" : "電機系", "grade": "碩所"},
    "N258400": {"name": "圖形理論", "dep" : "電機系", "grade": "碩所"},
    "N270300": {"name": "電子導航", "dep" : "電機系", "grade": "碩所"},
    "Q362700": {"name": "人工智慧晶片", "dep" : "電機系", "grade": "碩所"}
}